q,192.168.1.1
a,162.168.1.2
z,192.168.1.2
w,162.168.1.3
s,192.168.1.3
x,162.168.1.4
e,192.168.1.4
d,162.168.1.5
c,192.168.1.5
r,162.168.1.6
f,192.168.1.6
v,162.168.1.7
q,192.168.1.7
a,162.168.1.8
z,192.168.1.8
w,162.168.1.9
s,192.168.1.9
x,162.168.1.10
e,192.168.1.10
d,162.168.1.11
c,192.168.1.11
r,162.168.1.12
f,192.168.1.12
v,162.168.1.13
q,192.168.1.13
a,162.168.1.14
z,192.168.1.14
w,162.168.1.15
s,192.168.1.15
x,162.168.1.16
e,192.168.1.16
d,162.168.1.17
c,192.168.1.17
r,162.168.1.18
f,192.168.1.18
v,162.168.1.19
q,192.168.1.19
a,162.168.1.20
z,192.168.1.20
w,162.168.1.21
s,192.168.1.21
x,162.168.1.22
e,192.168.1.22
d,162.168.1.23
c,192.168.1.23
r,162.168.1.24
f,192.168.1.24
v,162.168.1.25
q,192.168.1.25
a,162.168.1.26
z,192.168.1.26
w,162.168.1.27
s,192.168.1.27
x,162.168.1.28
e,192.168.1.28
d,162.168.1.29
c,192.168.1.29
r,162.168.1.30
f,192.168.1.30
v,162.168.1.31
q,192.168.1.31
a,162.168.1.32
z,192.168.1.32
w,162.168.1.33
s,192.168.1.33
x,162.168.1.34
e,192.168.1.34
d,162.168.1.35
c,192.168.1.35
r,162.168.1.36
f,192.168.1.36
v,162.168.1.37
q,192.168.1.37
a,162.168.1.38
z,192.168.1.38
w,162.168.1.39
s,192.168.1.39
x,162.168.1.40
e,192.168.1.40
d,162.168.1.41
c,192.168.1.41
r,162.168.1.42
f,192.168.1.42
v,162.168.1.43
q,192.168.1.43
a,162.168.1.44
z,192.168.1.44
w,162.168.1.45
s,192.168.1.45
x,162.168.1.46
e,192.168.1.46
d,162.168.1.47
c,192.168.1.47
r,162.168.1.48
f,192.168.1.48
v,162.168.1.49
q,192.168.1.49
a,162.168.1.50
z,192.168.1.50
w,162.168.1.51
s,192.168.1.51
x,162.168.1.52
e,192.168.1.52
d,162.168.1.53
c,192.168.1.53
r,162.168.1.54
f,192.168.1.54
v,162.168.1.55
q,192.168.1.55
a,162.168.1.56
z,192.168.1.56
w,162.168.1.57
s,192.168.1.57
x,162.168.1.58
e,192.168.1.58
d,162.168.1.59
c,192.168.1.59
r,162.168.1.60
f,192.168.1.60
v,162.168.1.61
q,192.168.1.61
a,162.168.1.62
z,192.168.1.62
w,162.168.1.63
s,192.168.1.63
x,162.168.1.64
e,192.168.1.64
d,162.168.1.65
c,192.168.1.65
r,162.168.1.66
f,192.168.1.66
v,162.168.1.67
q,192.168.1.67
a,162.168.1.68
z,192.168.1.68
w,162.168.1.69
s,192.168.1.69
x,162.168.1.70
e,192.168.1.70
d,162.168.1.71
c,192.168.1.71
r,162.168.1.72
f,192.168.1.72
v,162.168.1.73
q,192.168.1.73
a,162.168.1.74
z,192.168.1.74
w,162.168.1.75
s,192.168.1.75
x,162.168.1.76
e,192.168.1.76
d,162.168.1.77
c,192.168.1.77
r,162.168.1.78
f,192.168.1.78
v,162.168.1.79
q,192.168.1.79
a,162.168.1.80
z,192.168.1.80
w,162.168.1.81
s,192.168.1.81
x,162.168.1.82
e,192.168.1.82
d,162.168.1.83
c,192.168.1.83
r,162.168.1.84
f,192.168.1.84
v,162.168.1.85
q,192.168.1.85
a,162.168.1.86
z,192.168.1.86
w,162.168.1.87
s,192.168.1.87
x,162.168.1.88
e,192.168.1.88
d,162.168.1.89
c,192.168.1.89
r,162.168.1.90
f,192.168.1.90
v,162.168.1.91
q,192.168.1.91
a,162.168.1.92
z,192.168.1.92
w,162.168.1.93
s,192.168.1.93
x,162.168.1.94
e,192.168.1.94
d,162.168.1.95
c,192.168.1.95
r,162.168.1.96
f,192.168.1.96
v,162.168.1.97
q,192.168.1.97
a,162.168.1.98
z,192.168.1.98
w,162.168.1.99
s,192.168.1.99
x,162.168.1.100
e,192.168.1.100
d,162.168.1.101
c,192.168.1.101
r,162.168.1.102
f,192.168.1.102
v,162.168.1.103
q,192.168.1.103
a,162.168.1.104
z,192.168.1.104
w,162.168.1.105
s,192.168.1.105
x,162.168.1.106
e,192.168.1.106
d,162.168.1.107
c,192.168.1.107
r,162.168.1.108
f,192.168.1.108
v,162.168.1.109
q,192.168.1.109
a,162.168.1.110
z,192.168.1.110
w,162.168.1.111
s,192.168.1.111
x,162.168.1.112
e,192.168.1.112
d,162.168.1.113
c,192.168.1.113
r,162.168.1.114
f,192.168.1.114
v,162.168.1.115
q,192.168.1.115
a,162.168.1.116
z,192.168.1.116
w,162.168.1.117
s,192.168.1.117
x,162.168.1.118
e,192.168.1.118
d,162.168.1.119
c,192.168.1.119
r,162.168.1.120
f,192.168.1.120
v,162.168.1.121
q,192.168.1.121
a,162.168.1.122
z,192.168.1.122
w,162.168.1.123
s,192.168.1.123
x,162.168.1.124
e,192.168.1.124
d,162.168.1.125
c,192.168.1.125
r,162.168.1.126
f,192.168.1.126
v,162.168.1.127
q,192.168.1.127
a,162.168.1.128
z,192.168.1.128
w,162.168.1.129
s,192.168.1.129
x,162.168.1.130
e,192.168.1.130
d,162.168.1.131
c,192.168.1.131
r,162.168.1.132
f,192.168.1.132
v,162.168.1.133
q,192.168.1.133
a,162.168.1.134
z,192.168.1.134
w,162.168.1.135
s,192.168.1.135
x,162.168.1.136
e,192.168.1.136
d,162.168.1.137
c,192.168.1.137
r,162.168.1.138
f,192.168.1.138
v,162.168.1.139
q,192.168.1.139
a,162.168.1.140
z,192.168.1.140
w,162.168.1.141
s,192.168.1.141
x,162.168.1.142
e,192.168.1.142
d,162.168.1.143
c,192.168.1.143
r,162.168.1.144
f,192.168.1.144
v,162.168.1.145
q,192.168.1.145
a,162.168.1.146
z,192.168.1.146
w,162.168.1.147
s,192.168.1.147
x,162.168.1.148
e,192.168.1.148
d,162.168.1.149
c,192.168.1.149
r,162.168.1.150
f,192.168.1.150
v,162.168.1.151
q,192.168.1.151
a,162.168.1.152
z,192.168.1.152
w,162.168.1.153
s,192.168.1.153
x,162.168.1.154
e,192.168.1.154
d,162.168.1.155
c,192.168.1.155
r,162.168.1.156
f,192.168.1.156
v,162.168.1.157
q,192.168.1.157
a,162.168.1.158
z,192.168.1.158
w,162.168.1.159
s,192.168.1.159
x,162.168.1.160
e,192.168.1.160
d,162.168.1.161
c,192.168.1.161
r,162.168.1.162
f,192.168.1.162
v,162.168.1.163
q,192.168.1.163
a,162.168.1.164
z,192.168.1.164
w,162.168.1.165
s,192.168.1.165
x,162.168.1.166
e,192.168.1.166
d,162.168.1.167
c,192.168.1.167
r,162.168.1.168
f,192.168.1.168
v,162.168.1.169
q,192.168.1.169
a,162.168.1.170
z,192.168.1.170
w,162.168.1.171
s,192.168.1.171
x,162.168.1.172
e,192.168.1.172
d,162.168.1.173
c,192.168.1.173
r,162.168.1.174
f,192.168.1.174
v,162.168.1.175
q,192.168.1.175
a,162.168.1.176
z,192.168.1.176
w,162.168.1.177
s,192.168.1.177
x,162.168.1.178
e,192.168.1.178
d,162.168.1.179
c,192.168.1.179
r,162.168.1.180
f,192.168.1.180
v,162.168.1.181
q,192.168.1.181
a,162.168.1.182
z,192.168.1.182
w,162.168.1.183
s,192.168.1.183
x,162.168.1.184
e,192.168.1.184
d,162.168.1.185
c,192.168.1.185
r,162.168.1.186
f,192.168.1.186
v,162.168.1.187
q,192.168.1.187
a,162.168.1.188
z,192.168.1.188
w,162.168.1.189
s,192.168.1.189
x,162.168.1.190
e,192.168.1.190
d,162.168.1.191
c,192.168.1.191
r,162.168.1.192
f,192.168.1.192
v,162.168.1.193
q,192.168.1.193
a,162.168.1.194
z,192.168.1.194
w,162.168.1.195
s,192.168.1.195
x,162.168.1.196
e,192.168.1.196
d,162.168.1.197
c,192.168.1.197
r,162.168.1.198
f,192.168.1.198
v,162.168.1.199
q,192.168.1.199
a,162.168.1.200
z,192.168.1.200
w,162.168.1.201
s,192.168.1.201
x,162.168.1.202
e,192.168.1.202
d,162.168.1.203
c,192.168.1.203
r,162.168.1.204
f,192.168.1.204
v,162.168.1.205
q,192.168.1.205
a,162.168.1.206
z,192.168.1.206
w,162.168.1.207
s,192.168.1.207
x,162.168.1.208
e,192.168.1.208
d,162.168.1.209
c,192.168.1.209
r,162.168.1.210
f,192.168.1.210
v,162.168.1.211
q,192.168.1.211
a,162.168.1.212
z,192.168.1.212
w,162.168.1.213
s,192.168.1.213
x,162.168.1.214
e,192.168.1.214
d,162.168.1.215
c,192.168.1.215
r,162.168.1.216
f,192.168.1.216
v,162.168.1.217
q,192.168.1.217
a,162.168.1.218
z,192.168.1.218
w,162.168.1.219
s,192.168.1.219
x,162.168.1.220
e,192.168.1.220
d,162.168.1.221
c,192.168.1.221
r,162.168.1.222
f,192.168.1.222
v,162.168.1.223
q,192.168.1.223
a,162.168.1.224
z,192.168.1.224
w,162.168.1.225
s,192.168.1.225
x,162.168.1.226
e,192.168.1.226
d,162.168.1.227
c,192.168.1.227
r,162.168.1.228
f,192.168.1.228
v,162.168.1.229
q,192.168.1.229
a,162.168.1.230
z,192.168.1.230
w,162.168.1.231
s,192.168.1.231
x,162.168.1.232
e,192.168.1.232
d,162.168.1.233
c,192.168.1.233
r,162.168.1.234
f,192.168.1.234
v,162.168.1.235
q,192.168.1.235
a,162.168.1.236
z,192.168.1.236
w,162.168.1.237
s,192.168.1.237
x,162.168.1.238
e,192.168.1.238
d,162.168.1.239
c,192.168.1.239
r,162.168.1.240
f,192.168.1.240
v,162.168.1.241
q,192.168.1.241
a,162.168.1.242
z,192.168.1.242
w,162.168.1.243
s,192.168.1.243
x,162.168.1.244
e,192.168.1.244
d,162.168.1.245
c,192.168.1.245
r,162.168.1.246
f,192.168.1.246
v,162.168.1.247
q,192.168.1.247
a,162.168.1.248
z,192.168.1.248
w,162.168.1.249
s,192.168.1.249
x,162.168.1.250
e,192.168.1.250
d,192.168.1.251
